"Reference","Qty","Value","Footprint","mpn","manufacturer"
"X1","1","27MHz","UNIC:Oscillator_SMD_Abracon_ASE-4Pin_3.2x2.5mm","O 27,0-JO32-B-1V3-1-T1-LF","Jauch Quartz"
"U7","1","W25Q16JVUXIQ","UNIC:W25Q16JVUXIQ_TR","W25Q16JVUXIQ TR","Winbond Electronics"
"U6","1","AP62150Z6","UNIC:SOT-563","AP62150Z6-7","Diodes Incorporated"
"U5","1","MIC5504-1.2YM5","UNIC:SOT-23-5","MIC5504-1.2YM5-TR","Microchip Technology"
"U4","1","APS6404L-3SQR-ZR","UNIC:W25Q16JVUXIQ_TR","APS6404L-3SQR-ZR","AP Memory"
"U3","1","MIC5203-3.3BM5","UNIC:SOT-23-5","MIC5203-3.3YM5-TR","Microchip Technology"
"U1","1","GW1N-LV9QN88C6_I5_","UNIC:QFN40P1000X1000X95-89N","GW1N-LV9QN88C6/I5","GOWIN Semiconductor"
"R4","1","31.6k","UNIC:R_0402_1005Metric_Pad0.72x0.64mm_HandSolder","CR0402-FX-3162GLF","Bourns Inc."
"R3,R5,R6,R7,R8,R9,R10,R11,R12,R13,R16","11","10k","UNIC:R_0402_1005Metric_Pad0.72x0.64mm_HandSolder","CR0402-FX-1002GLF","Bourns Inc."
"R1","1","220","UNIC:R_0402_1005Metric_Pad0.72x0.64mm_HandSolder","CR0402-JW-221GLF","Bourns Inc."
"Q1,Q2,Q3,Q4,Q5,Q6,Q7,Q8,Q9,Q10,Q11,Q12,Q13,Q14,Q15,Q16,Q17,Q18,Q19,Q20,Q21,Q22,Q23,Q24,Q25,Q26,Q27,Q28,Q29,Q30,Q31,Q32,Q33,Q34,Q35,Q36,Q37,Q38,Q39,Q40,Q41","41","2N7002","UNIC:SOT-883","2N7002KL3A-TP","Micro Commercial Co"
"LED_DONE1","1","LED","UNIC:LED_0402_1005Metric_Pad0.77x0.64mm_HandSolder","CS42C-QL4","ChromeLED"
"L1","1","10uH","UNIC:L_1008_2520Metric_Pad1.43x2.20mm_HandSolder","UHP 252012BF-100M","TAI-TECH Advanced Electronics Co., Ltd."
"J_EXT1","1","Conn_01x27_MountingPin","UNIC:Molex_502598-2793_2Rows-23P~0.60mm_Horizontal","502598-2793","Molex"
"J_DISPLAY1","1","Conn_01x12_MountingPin","UNIC:CF31121D0R0-05-NH","CF31121D0R0-05-NH","Cvilux USA"
"D21,D22,D23,D24,D25,D26,D27,D28,D29,D30","10","BAT54CV","UNIC:SOT-666","BAT54CV\,115","Nexperia USA Inc."
"D1,D2,D3,D4,D5,D6,D7,D8,D9,D11","10","BAT54DF","UNIC:SOT65P210X110-6N","BAT54DF","SMC Diode Solutions"
"C7","1","22u","UNIC:C_0805_2012Metric_Pad1.18x1.45mm_HandSolder","CL21A226MQQNNNE","Samsung Electro-Mechanics"
"C5","1","10u","UNIC:C_0805_2012Metric_Pad1.18x1.45mm_HandSolder","CL21A106KAYNNNG","Samsung Electro-Mechanics"
"C1,C2,C3,C4,C6,C9,C10,C11,C13,C14,C15,C16,C17,C18,C19,C20,C21,C22,C23","19","2.2u","UNIC:C_0402_1005Metric_Pad0.74x0.62mm_HandSolder","CC0402MRX5R6BB225","YAGEO"
